{
  "type": "FeatureCollection",
  "metadata": {
    "state": "Maharashtra",
    "district": "Pune",
    "sub_district": "Baramati",
    "source": "DataMeet Indian Village Boundaries (Census 2011)",
    "provenance": "https://github.com/datameet/indian_village_boundaries/raw/master/mh/mh2.geojson",
    "count": 14
  },
  "features": [
    {
      "type": "Feature",
      "geometry": {
        "type": "Polygon",
        "coordinates": [
          [
            [
              74.41518428900011,
              18.152982378000047
            ],
            [
              74.41498325000005,
              18.15150727400004
            ],
            [
              74.41471314400009,
              18.14995200500005
            ],
            [
              74.41497886700006,
              18.149882584000068
            ],
            [
              74.41589456800007,
              18.149259525000048
            ],
            [
              74.41603376100008,
              18.148700228000052
            ],
            [
              74.4159946980001,
              18.147234380000043
            ],
            [
              74.41621160500009,
              18.144939154000046
            ],
            [
              74.4152976220001,
              18.14336496300007
            ],
            [
              74.41545709100006,
              18.142811555000037
            ],
            [
              74.41634540700007,
              18.14229814700008
            ],
            [
              74.41639722300006,
              18.140350070000068
            ],
            [
              74.41662111500007,
              18.139387247000062
            ],
            [
              74.41641079800009,
              18.13883460400007
            ],
            [
              74.41526433500009,
              18.138461043000067
            ],
            [
              74.41514044400004,
              18.13778305600005
            ],
            [
              74.41569296400009,
              18.136950176000035
            ],
            [
              74.41536050600007,
              18.13557522000008
            ],
            [
              74.4156596060001,
              18.134449623000027
            ],
            [
              74.41655754500007,
              18.13350097800003
            ],
            [
              74.41712288600009,
              18.132505463000033
            ],
            [
              74.41687924400004,
              18.132303028000027
            ],
            [
              74.4170636530001,
              18.131930952000065
            ],
            [
              74.41698078400005,
              18.13095274600005
            ],
            [
              74.41693387400007,
              18.126936233000034
            ],
            [
              74.41731175000008,
              18.123517295000056
            ],
            [
              74.41688025900005,
              18.123326451000025
            ],
            [
              74.41477124400006,
              18.122965439000044
            ],
            [
              74.41523899700007,
              18.121218014000085
            ],
            [
              74.4146761850001,
              18.12114542900003
            ],
            [
              74.41475291400009,
              18.120390168000032
            ],
            [
              74.41613814100003,
              18.118829499000075
            ],
            [
              74.41500276000006,
              18.118717073000028
            ],
            [
              74.41209760400007,
              18.119066085000046
            ],
            [
              74.41182200700008,
              18.117356613000034
            ],
            [
              74.41173576700005,
              18.11649152300004
            ],
            [
              74.41186667200004,
              18.11539533400003
            ],
            [
              74.41209689800007,
              18.114639390000036
            ],
            [
              74.41240790600006,
              18.114304125000054
            ],
            [
              74.41315076100008,
              18.11386924200008
            ],
            [
              74.4140467220001,
              18.109506793000037
            ],
            [
              74.41395298800008,
              18.108388624000046
            ],
            [
              74.41463068700008,
              18.10740477400003
            ],
            [
              74.41489389500005,
              18.107359139000042
            ],
            [
              74.41481098500006,
              18.105963122000055
            ],
            [
              74.41243058200007,
              18.107569861000062
            ],
            [
              74.41298067600007,
              18.10865982200005
            ],
            [
              74.41288721000005,
              18.109777994000073
            ],
            [
              74.41258920000008,
              18.109798749000053
            ],
            [
              74.41241599000007,
              18.111029221000027
            ],
            [
              74.40966735400009,
              18.11147476000003
            ],
            [
              74.40942491400007,
              18.111568000000037
            ],
            [
              74.40818170200004,
              18.112461923000076
            ],
            [
              74.40688694200003,
              18.113001656000055
            ],
            [
              74.40452167600007,
              18.11317506400008
            ],
            [
              74.40325568400007,
              18.11242387100003
            ],
            [
              74.40239129900004,
              18.11016133700003
            ],
            [
              74.40215606500006,
              18.109690999000065
            ],
            [
              74.40202904200005,
              18.108979706000074
            ],
            [
              74.40162724500007,
              18.108830318000063
            ],
            [
              74.40112863800007,
              18.109728147000055
            ],
            [
              74.40031960800009,
              18.109632374000054
            ],
            [
              74.4002966890001,
              18.109089523000026
            ],
            [
              74.39966087200008,
              18.10912696200006
            ],
            [
              74.39889274900008,
              18.108900857000037
            ],
            [
              74.39847626600005,
              18.108465422000055
            ],
            [
              74.39804918200008,
              18.108752177000042
            ],
            [
              74.39794989800005,
              18.10842380800005
            ],
            [
              74.39657521500004,
              18.108410974000034
            ],
            [
              74.39288886300004,
              18.10784935700008
            ],
            [
              74.39133199900004,
              18.107285115000032
            ],
            [
              74.38927793200007,
              18.106915657000066
            ],
            [
              74.38818002400005,
              18.106399173000057
            ],
            [
              74.38740130500008,
              18.10650801700007
            ],
            [
              74.38654905000004,
              18.10624189500004
            ],
            [
              74.38655831700002,
              18.106973859000053
            ],
            [
              74.38617952700008,
              18.10718176600006
            ],
            [
              74.38485339100005,
              18.108888551000067
            ],
            [
              74.38489459900006,
              18.107655185000063
            ],
            [
              74.38467922300003,
              18.107697975000065
            ],
            [
              74.38435186400005,
              18.105999427000032
            ],
            [
              74.38332999200003,
              18.105713091000037
            ],
            [
              74.38135308500007,
              18.10555119700007
            ],
            [
              74.38019528500008,
              18.105501509000078
            ],
            [
              74.37966609800003,
              18.10498332400005
            ],
            [
              74.37897232700001,
              18.104140745000056
            ],
            [
              74.37864861700005,
              18.104250204000042
            ],
            [
              74.37846782900003,
              18.10342505800003
            ],
            [
              74.37807963900008,
              18.102950877000072
            ],
            [
              74.37764694300006,
              18.10437316600008
            ],
            [
              74.37765655300007,
              18.10749001200003
            ],
            [
              74.37762916700008,
              18.10800874800003
            ],
            [
              74.37661989000003,
              18.10817096400007
            ],
            [
              74.37655373200005,
              18.108967297000053
            ],
            [
              74.37461551200005,
              18.108955599000076
            ],
            [
              74.37432408500008,
              18.110025537000073
            ],
            [
              74.37419861500007,
              18.111136726000044
            ],
            [
              74.37375684900006,
              18.11113662000003
            ],
            [
              74.37362540000005,
              18.111508551000046
            ],
            [
              74.37414196600008,
              18.11285082000007
            ],
            [
              74.37523345600005,
              18.11555239400008
            ],
            [
              74.37561128700008,
              18.11713063100007
            ],
            [
              74.37585405300005,
              18.11892444100005
            ],
            [
              74.37627440000006,
              18.121661018000058
            ],
            [
              74.37672279500002,
              18.123656155000052
            ],
            [
              74.37743646900003,
              18.127155888000065
            ],
            [
              74.37791305500009,
              18.129798252000057
            ],
            [
              74.37820396000006,
              18.130849145000074
            ],
            [
              74.37881399200005,
              18.133411773000034
            ],
            [
              74.37983511200005,
              18.138179187000052
            ],
            [
              74.38034107600002,
              18.140186995000025
            ],
            [
              74.3808607810001,
              18.14255425400006
            ],
            [
              74.38158904700003,
              18.14487818000004
            ],
            [
              74.38213193000006,
              18.14689245800003
            ],
            [
              74.38269001700006,
              18.14878129400006
            ],
            [
              74.38339161000005,
              18.149778782000055
            ],
            [
              74.38453469200006,
              18.15152518400004
            ],
            [
              74.38495582600007,
              18.152214516000075
            ],
            [
              74.38605961100006,
              18.152123776000053
            ],
            [
              74.38721511700004,
              18.15172418000003
            ],
            [
              74.38978723700004,
              18.15113418200008
            ],
            [
              74.39046699600004,
              18.15112826500007
            ],
            [
              74.39206420700003,
              18.152652572000022
            ],
            [
              74.39532551100007,
              18.154106976000037
            ],
            [
              74.39701386300005,
              18.15438546800005
            ],
            [
              74.39684257700002,
              18.155586842000044
            ],
            [
              74.39701213100005,
              18.15563924300005
            ],
            [
              74.39860313400004,
              18.15535383400004
            ],
            [
              74.39955864000008,
              18.15535563000003
            ],
            [
              74.39987210800005,
              18.157164970000057
            ],
            [
              74.39969215300005,
              18.158448404000072
            ],
            [
              74.40048101900004,
              18.158564604000052
            ],
            [
              74.40234608900006,
              18.158340689000056
            ],
            [
              74.40390575500005,
              18.157972564000037
            ],
            [
              74.40456108800007,
              18.15755883500003
            ],
            [
              74.40593385000005,
              18.15723618200008
            ],
            [
              74.4076035250001,
              18.15690592000005
            ],
            [
              74.40922811100006,
              18.156537083000046
            ],
            [
              74.41239631200004,
              18.155705243000057
            ],
            [
              74.41261679700007,
              18.154441927000054
            ],
            [
              74.41319915100009,
              18.153442040000073
            ],
            [
              74.41518428900011,
              18.152982378000047
            ]
          ]
        ]
      },
      "properties": {
        "SUB_DIST": "Baramati",
        "DISTRICT": "Pune",
        "STATE": "Maharashtra",
        "TYPE": "village",
        "NAME": "Korhale Bk",
        "CEN_2001": "275210419903176800",
        "TARGET_NAME": "Korhale Bk."
      }
    },
    {
      "type": "Feature",
      "geometry": {
        "type": "Polygon",
        "coordinates": [
          [
            [
              74.36763322900005,
              18.29053199000003
            ],
            [
              74.37027934700005,
              18.29024063400004
            ],
            [
              74.37273926400006,
              18.290010395000024
            ],
            [
              74.37463708800004,
              18.289688552000026
            ],
            [
              74.37807074500004,
              18.28896375000005
            ],
            [
              74.38021195900006,
              18.288892285000024
            ],
            [
              74.38439558500006,
              18.289154620000033
            ],
            [
              74.38689857000007,
              18.289158586000042
            ],
            [
              74.39209754300002,
              18.289048221000026
            ],
            [
              74.39369471400006,
              18.289035855000066
            ],
            [
              74.39678414500008,
              18.289579468000056
            ],
            [
              74.39841471100004,
              18.28972611500006
            ],
            [
              74.39885152700002,
              18.28600642400005
            ],
            [
              74.39902109000009,
              18.28506429900005
            ],
            [
              74.39937980300003,
              18.283758854000038
            ],
            [
              74.39959569600006,
              18.28269972800007
            ],
            [
              74.40026325700008,
              18.28065654000005
            ],
            [
              74.40047513700004,
              18.27878867900006
            ],
            [
              74.40039124800006,
              18.274799678000022
            ],
            [
              74.40040541200005,
              18.274057643000052
            ],
            [
              74.40058203500007,
              18.271965357000063
            ],
            [
              74.40043291100005,
              18.270911408000078
            ],
            [
              74.40049982000006,
              18.268962330000022
            ],
            [
              74.40053961500008,
              18.26657965500004
            ],
            [
              74.40054044200009,
              18.264388645000054
            ],
            [
              74.39988048500005,
              18.264424657000063
            ],
            [
              74.39891056700003,
              18.264099532000042
            ],
            [
              74.39798033000005,
              18.263524531000023
            ],
            [
              74.39758041800009,
              18.263408776000063
            ],
            [
              74.39679705300004,
              18.263366365000024
            ],
            [
              74.39598044900005,
              18.263603709000048
            ],
            [
              74.39528445700006,
              18.264203649000024
            ],
            [
              74.39432682000006,
              18.265841701000056
            ],
            [
              74.39344815100002,
              18.26714329900005
            ],
            [
              74.39315679600008,
              18.26741372600003
            ],
            [
              74.39116801000006,
              18.268109799000054
            ],
            [
              74.39007782500005,
              18.267494748000047
            ],
            [
              74.38918866100006,
              18.267112480000034
            ],
            [
              74.38826875700005,
              18.26577756400007
            ],
            [
              74.38772680900007,
              18.26558967300002
            ],
            [
              74.386041312,
              18.266012495000037
            ],
            [
              74.38538443400004,
              18.265877441000043
            ],
            [
              74.38329733100005,
              18.26518536800006
            ],
            [
              74.38067731200003,
              18.264970555000048
            ],
            [
              74.38000193300006,
              18.26480459100003
            ],
            [
              74.37975944800007,
              18.26284984500006
            ],
            [
              74.37877185600003,
              18.262656474000035
            ],
            [
              74.37815113800006,
              18.262753798000062
            ],
            [
              74.37609671400007,
              18.26456274700007
            ],
            [
              74.37525179500005,
              18.264973436000048
            ],
            [
              74.37255931400004,
              18.264208031000067
            ],
            [
              74.37128358800005,
              18.264191452000034
            ],
            [
              74.36860915200002,
              18.26379203400006
            ],
            [
              74.36697429400004,
              18.26353721000003
            ],
            [
              74.36445672300006,
              18.262779949000045
            ],
            [
              74.36323551000004,
              18.262667292000057
            ],
            [
              74.36208803800007,
              18.262677881000055
            ],
            [
              74.36074411000003,
              18.26276469600003
            ],
            [
              74.35954929900005,
              18.263760050000027
            ],
            [
              74.35879886400004,
              18.264453614000047
            ],
            [
              74.35684132500005,
              18.266897877000076
            ],
            [
              74.35561302300006,
              18.266614899000043
            ],
            [
              74.35466767700008,
              18.265863144000036
            ],
            [
              74.35388474900003,
              18.264918089000048
            ],
            [
              74.35304419700002,
              18.264043539000053
            ],
            [
              74.35228085300007,
              18.263680535000045
            ],
            [
              74.35066978000005,
              18.26405552000006
            ],
            [
              74.3499605470001,
              18.264092580000064
            ],
            [
              74.34846363500004,
              18.263706071000055
            ],
            [
              74.34681645400009,
              18.26384861400004
            ],
            [
              74.34519195600005,
              18.263789507000066
            ],
            [
              74.34458399500008,
              18.263942801000034
            ],
            [
              74.34396948200005,
              18.264829235000033
            ],
            [
              74.34284137200005,
              18.266864327000068
            ],
            [
              74.34098726400003,
              18.26798567100008
            ],
            [
              74.33974251600003,
              18.268991365000034
            ],
            [
              74.34042933600006,
              18.270120258000077
            ],
            [
              74.34097191400008,
              18.272645975000042
            ],
            [
              74.34133069200004,
              18.27517143900008
            ],
            [
              74.34179069500006,
              18.276885994000057
            ],
            [
              74.34227691300002,
              18.27819736600003
            ],
            [
              74.34547303500005,
              18.27794936800007
            ],
            [
              74.34816919300006,
              18.277487034000046
            ],
            [
              74.34893521100008,
              18.277259163000057
            ],
            [
              74.35233277,
              18.275928794000038
            ],
            [
              74.35375637900005,
              18.275336553000038
            ],
            [
              74.35653419600003,
              18.275531972000064
            ],
            [
              74.35960068900008,
              18.275312977000052
            ],
            [
              74.35988350500008,
              18.276606381000022
            ],
            [
              74.36068287200003,
              18.27903319400002
            ],
            [
              74.36113389600007,
              18.28193683200004
            ],
            [
              74.36129451600004,
              18.28240010600007
            ],
            [
              74.36155950000007,
              18.28252331200002
            ],
            [
              74.36265452800006,
              18.281993202000024
            ],
            [
              74.36357707600006,
              18.281273528000042
            ],
            [
              74.3644909210001,
              18.281100197000058
            ],
            [
              74.36537458600002,
              18.28059426300007
            ],
            [
              74.36554838800004,
              18.280879296000023
            ],
            [
              74.36668206400003,
              18.28413800900006
            ],
            [
              74.36730991400003,
              18.286848898000073
            ],
            [
              74.36749856900009,
              18.287335278000054
            ],
            [
              74.36760528300007,
              18.288831945000027
            ],
            [
              74.36763322900005,
              18.29053199000003
            ]
          ]
        ]
      },
      "properties": {
        "SUB_DIST": "Baramati",
        "DISTRICT": "Pune",
        "STATE": "Maharashtra",
        "TYPE": "village",
        "NAME": "Baburdi",
        "CEN_2001": "275210419903172200",
        "TARGET_NAME": "Baburdi"
      }
    },
    {
      "type": "Feature",
      "geometry": {
        "type": "Polygon",
        "coordinates": [
          [
            [
              74.38453469200006,
              18.15152518400004
            ],
            [
              74.38339161000005,
              18.149778782000055
            ],
            [
              74.38269001700006,
              18.14878129400006
            ],
            [
              74.38213193000006,
              18.14689245800003
            ],
            [
              74.38158904700003,
              18.14487818000004
            ],
            [
              74.3808607810001,
              18.14255425400006
            ],
            [
              74.38034107600002,
              18.140186995000025
            ],
            [
              74.37983511200005,
              18.138179187000052
            ],
            [
              74.37881399200005,
              18.133411773000034
            ],
            [
              74.37820396000006,
              18.130849145000074
            ],
            [
              74.37791305500009,
              18.129798252000057
            ],
            [
              74.37743646900003,
              18.127155888000065
            ],
            [
              74.37672279500002,
              18.123656155000052
            ],
            [
              74.37627440000006,
              18.121661018000058
            ],
            [
              74.37585405300005,
              18.11892444100005
            ],
            [
              74.37561128700008,
              18.11713063100007
            ],
            [
              74.37523345600005,
              18.11555239400008
            ],
            [
              74.37414196600008,
              18.11285082000007
            ],
            [
              74.37362540000005,
              18.111508551000046
            ],
            [
              74.37176161700005,
              18.111698782000083
            ],
            [
              74.36942043600004,
              18.11175313100006
            ],
            [
              74.36704105700005,
              18.11195401200008
            ],
            [
              74.36633070500005,
              18.11219079300003
            ],
            [
              74.36556245400004,
              18.11244687000004
            ],
            [
              74.36367163900007,
              18.112962863000067
            ],
            [
              74.35984026200002,
              18.114317699000033
            ],
            [
              74.35884310100005,
              18.115264912000047
            ],
            [
              74.35620869800006,
              18.118615095000056
            ],
            [
              74.35436313500003,
              18.12112579700005
            ],
            [
              74.35324747600004,
              18.122356683000078
            ],
            [
              74.35170591100007,
              18.123786298000027
            ],
            [
              74.34947356800006,
              18.12605490500005
            ],
            [
              74.34819616200008,
              18.12702259100007
            ],
            [
              74.34681146500004,
              18.127572446000045
            ],
            [
              74.34607724600005,
              18.127843443000078
            ],
            [
              74.34436650500005,
              18.12938564100006
            ],
            [
              74.34319643700007,
              18.130946209000058
            ],
            [
              74.34182158900008,
              18.131835048000035
            ],
            [
              74.34236262000007,
              18.132177704000075
            ],
            [
              74.34272038900009,
              18.13259148200007
            ],
            [
              74.34336510400004,
              18.133062394000035
            ],
            [
              74.34547178200005,
              18.137022724000083
            ],
            [
              74.34608466500005,
              18.138592816000028
            ],
            [
              74.34662558200007,
              18.14096075400005
            ],
            [
              74.34700287300005,
              18.14278668400004
            ],
            [
              74.34790017100006,
              18.14575591800008
            ],
            [
              74.3478616990001,
              18.145778265000047
            ],
            [
              74.34841911900008,
              18.148187593000046
            ],
            [
              74.34885250800005,
              18.15106544800006
            ],
            [
              74.34897457600005,
              18.151590409000054
            ],
            [
              74.34932502300006,
              18.153870129000047
            ],
            [
              74.34959025200004,
              18.156051015000067
            ],
            [
              74.35026904400009,
              18.15983384900005
            ],
            [
              74.35068889300003,
              18.161523143000068
            ],
            [
              74.35103956000006,
              18.163760981000053
            ],
            [
              74.35150672000003,
              18.16600945500005
            ],
            [
              74.35216142100006,
              18.169573998000033
            ],
            [
              74.35227226100005,
              18.17078058800007
            ],
            [
              74.35361632600005,
              18.17018521300003
            ],
            [
              74.35482073100007,
              18.169746976000052
            ],
            [
              74.35550217600004,
              18.16935105800008
            ],
            [
              74.3576809880001,
              18.168885455000073
            ],
            [
              74.35887899300006,
              18.167792399000064
            ],
            [
              74.36107077300005,
              18.166026547000055
            ],
            [
              74.36296547700006,
              18.164183948000076
            ],
            [
              74.36474320800006,
              18.162187287000048
            ],
            [
              74.36528945000003,
              18.161340647000028
            ],
            [
              74.36556592600004,
              18.160141031000023
            ],
            [
              74.36594274000004,
              18.15971808300003
            ],
            [
              74.36678875800003,
              18.159115639000053
            ],
            [
              74.37017504700002,
              18.157338028000034
            ],
            [
              74.37090290000002,
              18.15710040100004
            ],
            [
              74.37333680200001,
              18.155721520000043
            ],
            [
              74.37619877600007,
              18.15460002300006
            ],
            [
              74.37820520700005,
              18.15384815600004
            ],
            [
              74.38030002200001,
              18.153440472000057
            ],
            [
              74.38189864500005,
              18.15290768800003
            ],
            [
              74.38323139600003,
              18.152155844000053
            ],
            [
              74.38453469200006,
              18.15152518400004
            ]
          ]
        ]
      },
      "properties": {
        "SUB_DIST": "Baramati",
        "DISTRICT": "Pune",
        "STATE": "Maharashtra",
        "TYPE": "village",
        "NAME": "Vadgaon Nimbalkar",
        "CEN_2001": "275210419903176700",
        "TARGET_NAME": "Vadgaon Nimbalkar"
      }
    },
    {
      "type": "Feature",
      "geometry": {
        "type": "Polygon",
        "coordinates": [
          [
            [
              74.57858821500007,
              18.262698796000052
            ],
            [
              74.57982898100006,
              18.25984387400007
            ],
            [
              74.5801236930001,
              18.258280438000043
            ],
            [
              74.58098134400007,
              18.25807708900004
            ],
            [
              74.58365338900008,
              18.25508456900008
            ],
            [
              74.58482319200004,
              18.25360861200005
            ],
            [
              74.58574258600002,
              18.253001534000077
            ],
            [
              74.58810446200006,
              18.252303298000072
            ],
            [
              74.58953214200004,
              18.25156296600005
            ],
            [
              74.59168935700006,
              18.25129733400007
            ],
            [
              74.59237112400005,
              18.249948022000073
            ],
            [
              74.59329814500006,
              18.247589693000066
            ],
            [
              74.5942883800001,
              18.24314092500003
            ],
            [
              74.59515766600003,
              18.239955048000077
            ],
            [
              74.59550090700003,
              18.23879011200006
            ],
            [
              74.5960509590001,
              18.236492596000062
            ],
            [
              74.59655702600008,
              18.23376504700008
            ],
            [
              74.59659662100007,
              18.233228240000074
            ],
            [
              74.59730962800008,
              18.228114887000057
            ],
            [
              74.59731812900003,
              18.22768806700003
            ],
            [
              74.59671415500003,
              18.22748884000003
            ],
            [
              74.59688967900009,
              18.223890783000062
            ],
            [
              74.59155274200003,
              18.22402835600008
            ],
            [
              74.58764232200008,
              18.223819807000037
            ],
            [
              74.58550368300008,
              18.22368348200007
            ],
            [
              74.58304781900004,
              18.223492775000064
            ],
            [
              74.58012733500004,
              18.223316455000028
            ],
            [
              74.57910724900006,
              18.22292042100003
            ],
            [
              74.57780292500007,
              18.222342369000042
            ],
            [
              74.57645998400007,
              18.22112674600004
            ],
            [
              74.57545194000005,
              18.220935152000038
            ],
            [
              74.57171964100009,
              18.22015198300005
            ],
            [
              74.56887638900008,
              18.219833113000053
            ],
            [
              74.56777714900005,
              18.219844384000055
            ],
            [
              74.56586195400007,
              18.21979156600003
            ],
            [
              74.56234972900006,
              18.220095831000034
            ],
            [
              74.56019114600008,
              18.220527942000043
            ],
            [
              74.56045838700004,
              18.22129924100005
            ],
            [
              74.56023327600009,
              18.221381732000054
            ],
            [
              74.55436054300003,
              18.222548789000026
            ],
            [
              74.55324067000005,
              18.22274075500007
            ],
            [
              74.55303804000005,
              18.221841656000038
            ],
            [
              74.54756784600006,
              18.22270292400003
            ],
            [
              74.54754895800006,
              18.224014484000065
            ],
            [
              74.54736244300007,
              18.224858964000084
            ],
            [
              74.54805319900005,
              18.227102611000078
            ],
            [
              74.54944728200007,
              18.230337207000044
            ],
            [
              74.55047597900005,
              18.23208448300005
            ],
            [
              74.55131704100006,
              18.23310174200003
            ],
            [
              74.55228058500006,
              18.234932035000043
            ],
            [
              74.55338244600004,
              18.236664948000055
            ],
            [
              74.55390797700005,
              18.238037916000053
            ],
            [
              74.55418994600006,
              18.239868291000054
            ],
            [
              74.55466775700006,
              18.242530445000053
            ],
            [
              74.55478711500005,
              18.242584628000028
            ],
            [
              74.55505230700003,
              18.243918270000048
            ],
            [
              74.55569568600005,
              18.245848456000033
            ],
            [
              74.55658101200002,
              18.246455584000046
            ],
            [
              74.55762690400009,
              18.24875641100004
            ],
            [
              74.55813857500003,
              18.24964770700006
            ],
            [
              74.56010559600008,
              18.252624559000026
            ],
            [
              74.56033118600003,
              18.252929516000048
            ],
            [
              74.56293666500007,
              18.254590309000037
            ],
            [
              74.56382092700007,
              18.255026931000025
            ],
            [
              74.56565729900008,
              18.255357876000062
            ],
            [
              74.56753990100005,
              18.25627036000003
            ],
            [
              74.56941507000006,
              18.257132210000066
            ],
            [
              74.57229211900004,
              18.25895657700005
            ],
            [
              74.57309135200003,
              18.259617863000074
            ],
            [
              74.57601026100009,
              18.26221038300002
            ],
            [
              74.57603615800006,
              18.26242059500003
            ],
            [
              74.57697043000006,
              18.262526682000036
            ],
            [
              74.57784849400008,
              18.26250982000004
            ],
            [
              74.57858821500007,
              18.262698796000052
            ]
          ]
        ]
      },
      "properties": {
        "SUB_DIST": "Baramati",
        "DISTRICT": "Pune",
        "STATE": "Maharashtra",
        "TYPE": "village",
        "NAME": "Gojubavi",
        "CEN_2001": "275210419903173700",
        "TARGET_NAME": "Gojubavi"
      }
    },
    {
      "type": "Feature",
      "geometry": {
        "type": "Polygon",
        "coordinates": [
          [
            [
              74.58509872300003,
              18.356281285000026
            ],
            [
              74.58881548600004,
              18.354405629000045
            ],
            [
              74.59306628300006,
              18.352659648000042
            ],
            [
              74.60063403100008,
              18.349578761000036
            ],
            [
              74.60845292600003,
              18.345047870000023
            ],
            [
              74.60948647200006,
              18.34431306200003
            ],
            [
              74.61050748200006,
              18.343398396000055
            ],
            [
              74.61121462600008,
              18.341316874000025
            ],
            [
              74.61151294600006,
              18.340309327000057
            ],
            [
              74.61161084200006,
              18.339393872000073
            ],
            [
              74.61176900800008,
              18.339089194000056
            ],
            [
              74.61293956300005,
              18.33942379800004
            ],
            [
              74.61395150700008,
              18.33962086100007
            ],
            [
              74.61533127000006,
              18.340348386000073
            ],
            [
              74.61580749800004,
              18.340727000000072
            ],
            [
              74.61649181800003,
              18.341600494000033
            ],
            [
              74.61714706000005,
              18.34187893700005
            ],
            [
              74.61773504200005,
              18.341799850000026
            ],
            [
              74.61827670000008,
              18.34107456100003
            ],
            [
              74.61876183300004,
              18.340637589000035
            ],
            [
              74.6194936080001,
              18.34042398800005
            ],
            [
              74.62032730000003,
              18.34065322300006
            ],
            [
              74.62129757100007,
              18.341410602000053
            ],
            [
              74.62175324900007,
              18.342043892000046
            ],
            [
              74.62252246600008,
              18.341815698000065
            ],
            [
              74.62294278900004,
              18.341797847000066
            ],
            [
              74.62309849400002,
              18.340676108000025
            ],
            [
              74.62298651500002,
              18.33943894700008
            ],
            [
              74.62255378600008,
              18.33649344600008
            ],
            [
              74.62237015000002,
              18.334637548000046
            ],
            [
              74.62244595700007,
              18.333218294000066
            ],
            [
              74.62524705000003,
              18.33297520300005
            ],
            [
              74.62541642700005,
              18.328525263000074
            ],
            [
              74.62520813100006,
              18.32662249400005
            ],
            [
              74.62525452300008,
              18.326137750000044
            ],
            [
              74.62522015500008,
              18.323611626000062
            ],
            [
              74.62488435000004,
              18.321601333000046
            ],
            [
              74.62449644700007,
              18.318017063000074
            ],
            [
              74.62451883200002,
              18.315632232000034
            ],
            [
              74.62459963600008,
              18.314757575000044
            ],
            [
              74.62405313600003,
              18.310825551000054
            ],
            [
              74.62370431100003,
              18.307785933000048
            ],
            [
              74.62361485700005,
              18.306247190000025
            ],
            [
              74.624487716,
              18.306396925000058
            ],
            [
              74.62485906400009,
              18.30421198700003
            ],
            [
              74.62479467100007,
              18.30275847200005
            ],
            [
              74.62357894800003,
              18.302582760000064
            ],
            [
              74.62352723100008,
              18.302437599000026
            ],
            [
              74.61938118700003,
              18.304369291000057
            ],
            [
              74.61958002500006,
              18.300364633000076
            ],
            [
              74.61706403000007,
              18.302051197000033
            ],
            [
              74.61580197600004,
              18.30296667500005
            ],
            [
              74.61335209300005,
              18.304126490000044
            ],
            [
              74.6106526980001,
              18.30522877800007
            ],
            [
              74.6090694790001,
              18.305929986000024
            ],
            [
              74.60813355800008,
              18.303822787000062
            ],
            [
              74.60691432800007,
              18.29986116900006
            ],
            [
              74.60687336200003,
              18.298583182000073
            ],
            [
              74.60471747300005,
              18.29818866100004
            ],
            [
              74.60127887600002,
              18.297862495000064
            ],
            [
              74.60045810500002,
              18.297872205000033
            ],
            [
              74.5975532190001,
              18.298400375000025
            ],
            [
              74.59506214700008,
              18.296824884000046
            ],
            [
              74.59274133800004,
              18.294725681000042
            ],
            [
              74.59158769300006,
              18.295277304000024
            ],
            [
              74.59110513900005,
              18.29448120400002
            ],
            [
              74.59073269800007,
              18.295287760000065
            ],
            [
              74.58996533100003,
              18.29654960600004
            ],
            [
              74.58738788400007,
              18.29602267900003
            ],
            [
              74.58492535400006,
              18.29347134300002
            ],
            [
              74.58383633900006,
              18.29239111000004
            ],
            [
              74.58316763200008,
              18.292470524000066
            ],
            [
              74.58278419200006,
              18.291790657000032
            ],
            [
              74.57986660500006,
              18.291555422000048
            ],
            [
              74.57841077900008,
              18.29158475500003
            ],
            [
              74.57585280100004,
              18.29178430500002
            ],
            [
              74.57373256900006,
              18.29170833800003
            ],
            [
              74.57280475300006,
              18.29171855600003
            ],
            [
              74.57260201200003,
              18.291638828000032
            ],
            [
              74.57294349200004,
              18.29239350800003
            ],
            [
              74.57395749600005,
              18.294854242000046
            ],
            [
              74.57626255200005,
              18.300734978000033
            ],
            [
              74.57689746400007,
              18.30279889800005
            ],
            [
              74.57776327000006,
              18.305152710000076
            ],
            [
              74.57855441000004,
              18.30647432300003
            ],
            [
              74.57888567000002,
              18.30731503300007
            ],
            [
              74.57902547400006,
              18.308189506000076
            ],
            [
              74.57913766100006,
              18.31005182500008
            ],
            [
              74.57928361100006,
              18.31153606600003
            ],
            [
              74.57783324800006,
              18.31175633600003
            ],
            [
              74.57651336200007,
              18.31189567700006
            ],
            [
              74.57531405000002,
              18.31169530400007
            ],
            [
              74.57387505500002,
              18.311164985000065
            ],
            [
              74.57348962000003,
              18.31089926300007
            ],
            [
              74.57305657800002,
              18.310331218000044
            ],
            [
              74.57281215200001,
              18.309398711000032
            ],
            [
              74.57242399600005,
              18.308281015000034
            ],
            [
              74.57210323000004,
              18.30781344800005
            ],
            [
              74.57122988300007,
              18.307099530000073
            ],
            [
              74.57055712400005,
              18.306785840000032
            ],
            [
              74.56981577600004,
              18.30654712400008
            ],
            [
              74.56830698500006,
              18.305902850000052
            ],
            [
              74.56766703200003,
              18.30586357800007
            ],
            [
              74.56730784600005,
              18.305992413000073
            ],
            [
              74.56654912400006,
              18.306590154000048
            ],
            [
              74.56545762300004,
              18.30727032800008
            ],
            [
              74.565432012,
              18.307545875000073
            ],
            [
              74.56474097600005,
              18.30946321500005
            ],
            [
              74.56395668600005,
              18.31216047500004
            ],
            [
              74.56314305100007,
              18.31527829100003
            ],
            [
              74.56358251300001,
              18.31548218000006
            ],
            [
              74.56358148500006,
              18.319161303000048
            ],
            [
              74.5671219650001,
              18.319140715000064
            ],
            [
              74.56774016300005,
              18.320921126000034
            ],
            [
              74.55968872800008,
              18.324684343000058
            ],
            [
              74.55982402800005,
              18.326595432000033
            ],
            [
              74.56004847200005,
              18.32842318900003
            ],
            [
              74.55781419700008,
              18.32930459100004
            ],
            [
              74.55701167300003,
              18.329508519000058
            ],
            [
              74.55647995500004,
              18.331725007000045
            ],
            [
              74.55535481500003,
              18.335770997000054
            ],
            [
              74.55716912300007,
              18.33646853900007
            ],
            [
              74.55893019600003,
              18.337692230000073
            ],
            [
              74.55955155500004,
              18.33805554500003
            ],
            [
              74.56060013600005,
              18.33896191800006
            ],
            [
              74.56118282300008,
              18.33957123200003
            ],
            [
              74.562082102,
              18.34067454700005
            ],
            [
              74.56242643700006,
              18.341236281000022
            ],
            [
              74.56274313700003,
              18.342177304000074
            ],
            [
              74.5649455590001,
              18.341731066000026
            ],
            [
              74.56665110800003,
              18.341815567000033
            ],
            [
              74.56771464600008,
              18.342095603000075
            ],
            [
              74.56859955100003,
              18.342571661000026
            ],
            [
              74.56929213300002,
              18.343156942000064
            ],
            [
              74.57013681600003,
              18.343766951000077
            ],
            [
              74.57098586100005,
              18.344225533000042
            ],
            [
              74.57250109800002,
              18.34432384800004
            ],
            [
              74.57402005900009,
              18.34644637800005
            ],
            [
              74.57454522200004,
              18.347586911000064
            ],
            [
              74.57470345300004,
              18.34772502000004
            ],
            [
              74.57616053300005,
              18.348318372000048
            ],
            [
              74.57851487100004,
              18.348580067000057
            ],
            [
              74.58128467700006,
              18.350087100000056
            ],
            [
              74.58330281800004,
              18.35110377900003
            ],
            [
              74.58372353300007,
              18.35307657900006
            ],
            [
              74.58455143600008,
              18.355392344000048
            ],
            [
              74.58457584700005,
              18.355725200000048
            ],
            [
              74.58509872300003,
              18.356281285000026
            ]
          ]
        ]
      },
      "properties": {
        "SUB_DIST": "Baramati",
        "DISTRICT": "Pune",
        "STATE": "Maharashtra",
        "TYPE": "village",
        "NAME": "Shirsuphal",
        "CEN_2001": "275210419903172700",
        "TARGET_NAME": "Shirsuphal"
      }
    },
    {
      "type": "Feature",
      "geometry": {
        "type": "Polygon",
        "coordinates": [
          [
            [
              74.58985871200007,
              18.14645679900008
            ],
            [
              74.59012537900004,
              18.146326336000072
            ],
            [
              74.59354814400007,
              18.145978263000078
            ],
            [
              74.59445110600007,
              18.146152797000074
            ],
            [
              74.59663366400011,
              18.145986537000056
            ],
            [
              74.59802712800007,
              18.14597559600003
            ],
            [
              74.60008124300002,
              18.146043925000075
            ],
            [
              74.60149530300004,
              18.14600050400003
            ],
            [
              74.60359687700002,
              18.14552479200006
            ],
            [
              74.60706291500003,
              18.14490900000004
            ],
            [
              74.60784756700008,
              18.144856158000046
            ],
            [
              74.615347533,
              18.14400794200003
            ],
            [
              74.61621059600003,
              18.14444409500004
            ],
            [
              74.61587214400002,
              18.14347176300004
            ],
            [
              74.61555806000007,
              18.14125538500003
            ],
            [
              74.61541417100005,
              18.139760241000033
            ],
            [
              74.61491840700006,
              18.136744885000038
            ],
            [
              74.61484985400006,
              18.135687116000046
            ],
            [
              74.61455877900006,
              18.133715978000055
            ],
            [
              74.61446489900005,
              18.13147918400006
            ],
            [
              74.61457126100005,
              18.130391252000038
            ],
            [
              74.61448419300007,
              18.12981607000006
            ],
            [
              74.61346212900008,
              18.127106300000037
            ],
            [
              74.61369742300009,
              18.126287283000067
            ],
            [
              74.61250653600005,
              18.12635346500003
            ],
            [
              74.61093087500007,
              18.125416172000026
            ],
            [
              74.60955463700003,
              18.124203345000073
            ],
            [
              74.60824727500005,
              18.123306249000052
            ],
            [
              74.60659471800005,
              18.121969611000058
            ],
            [
              74.60418436800006,
              18.120105153000058
            ],
            [
              74.60385401300005,
              18.120431924000062
            ],
            [
              74.60238172800005,
              18.119358186000063
            ],
            [
              74.60144990400006,
              18.118115271000026
            ],
            [
              74.60143878900004,
              18.117985205000032
            ],
            [
              74.60072576600004,
              18.116932821000034
            ],
            [
              74.60138001200004,
              18.11477617000003
            ],
            [
              74.60042747900007,
              18.113697325000036
            ],
            [
              74.59767055700007,
              18.110825682000044
            ],
            [
              74.59684562100007,
              18.109992715000036
            ],
            [
              74.59837914900004,
              18.108095600000073
            ],
            [
              74.59868689500007,
              18.107623330000024
            ],
            [
              74.60004565200005,
              18.105891084000067
            ],
            [
              74.59853267400007,
              18.10441171200006
            ],
            [
              74.59795428800007,
              18.103944823000067
            ],
            [
              74.59678999700003,
              18.10333597400006
            ],
            [
              74.5972546940001,
              18.10216964200003
            ],
            [
              74.59730847600008,
              18.101257058000048
            ],
            [
              74.59586174700007,
              18.10085283900003
            ],
            [
              74.59438969600006,
              18.100232002000038
            ],
            [
              74.59181465300004,
              18.099065527000054
            ],
            [
              74.59054613900008,
              18.09835980900004
            ],
            [
              74.58868032000004,
              18.097436427000048
            ],
            [
              74.58771905500005,
              18.09702234300005
            ],
            [
              74.58688333400005,
              18.096564974000046
            ],
            [
              74.58608226100006,
              18.096397987000046
            ],
            [
              74.58296326600005,
              18.095391316000075
            ],
            [
              74.58052500100008,
              18.093907146000053
            ],
            [
              74.57837938400006,
              18.09556388100003
            ],
            [
              74.57671113100007,
              18.096213154000054
            ],
            [
              74.57555384100004,
              18.096784826000032
            ],
            [
              74.57393947000008,
              18.09794468400003
            ],
            [
              74.57477179600004,
              18.102089026000044
            ],
            [
              74.57549384300005,
              18.105264395000066
            ],
            [
              74.57578407400005,
              18.109786383000028
            ],
            [
              74.57533445600004,
              18.112084521000046
            ],
            [
              74.57579730900004,
              18.11467213000003
            ],
            [
              74.57592139600006,
              18.11576712500005
            ],
            [
              74.57689078300007,
              18.118112738000036
            ],
            [
              74.57801250700003,
              18.12136669300003
            ],
            [
              74.57902625300005,
              18.12488199900003
            ],
            [
              74.57988512000001,
              18.12746290800004
            ],
            [
              74.57989080800006,
              18.127576328000035
            ],
            [
              74.58070076300004,
              18.12931889700008
            ],
            [
              74.58079311000004,
              18.130256928000055
            ],
            [
              74.57920094000009,
              18.13215631700007
            ],
            [
              74.57804502600003,
              18.133375722000046
            ],
            [
              74.57936050400008,
              18.13426597000006
            ],
            [
              74.58029769100007,
              18.13479382800006
            ],
            [
              74.58028220600005,
              18.135253250000066
            ],
            [
              74.58066827700003,
              18.136338018000064
            ],
            [
              74.58103078600004,
              18.13691688300003
            ],
            [
              74.5815291470001,
              18.13808963100007
            ],
            [
              74.58220055300005,
              18.13885541600008
            ],
            [
              74.58298286500008,
              18.13914330300003
            ],
            [
              74.58416561000008,
              18.139148250000066
            ],
            [
              74.58523076800003,
              18.139504674000026
            ],
            [
              74.58606730800005,
              18.14030421600006
            ],
            [
              74.58644651900005,
              18.140564628000053
            ],
            [
              74.58677510400007,
              18.141065475000065
            ],
            [
              74.58704806400004,
              18.14126393100003
            ],
            [
              74.58744027900009,
              18.141965396000053
            ],
            [
              74.58770217000004,
              18.142136964000027
            ],
            [
              74.58891115400006,
              18.14332089900006
            ],
            [
              74.58978416500008,
              18.14449735300008
            ],
            [
              74.58978923600004,
              18.145232618000023
            ],
            [
              74.58969587300004,
              18.14577019900003
            ],
            [
              74.58985871200007,
              18.14645679900008
            ]
          ]
        ]
      },
      "properties": {
        "SUB_DIST": "Baramati",
        "DISTRICT": "Pune",
        "STATE": "Maharashtra",
        "TYPE": "village",
        "NAME": "Gunwadi",
        "CEN_2001": "275210419903181400",
        "TARGET_NAME": "Gunwadi"
      }
    },
    {
      "type": "Feature",
      "geometry": {
        "type": "Polygon",
        "coordinates": [
          [
            [
              74.61369742300009,
              18.126287283000067
            ],
            [
              74.61488672100006,
              18.123584483000062
            ],
            [
              74.61571786700004,
              18.121567882000026
            ],
            [
              74.61579985300004,
              18.121082106000078
            ],
            [
              74.61639687300003,
              18.11966412400006
            ],
            [
              74.61668766600009,
              18.119203733000067
            ],
            [
              74.61776522100008,
              18.11656629400005
            ],
            [
              74.61883419200005,
              18.114390323000073
            ],
            [
              74.61878904900004,
              18.112594005000066
            ],
            [
              74.61981194400006,
              18.112232643000027
            ],
            [
              74.61975782700004,
              18.11184608000008
            ],
            [
              74.61896635900007,
              18.11085363000007
            ],
            [
              74.61841352100005,
              18.10877611900003
            ],
            [
              74.61806681800005,
              18.106390599000065
            ],
            [
              74.61797372700006,
              18.104921119000046
            ],
            [
              74.61768965600005,
              18.102778903000058
            ],
            [
              74.61765411800009,
              18.102022110000064
            ],
            [
              74.6173896480001,
              18.101133791000056
            ],
            [
              74.61744237200007,
              18.100291815000052
            ],
            [
              74.61731242700006,
              18.098902541000026
            ],
            [
              74.61708640400009,
              18.097538587000027
            ],
            [
              74.61686723500003,
              18.09671546400006
            ],
            [
              74.61638245600004,
              18.095576167000047
            ],
            [
              74.61585560000003,
              18.09372400200004
            ],
            [
              74.615348173,
              18.092791066000075
            ],
            [
              74.61519261000007,
              18.09216630500003
            ],
            [
              74.61480623200002,
              18.091614553000056
            ],
            [
              74.61304482300005,
              18.088677408000024
            ],
            [
              74.61254890500004,
              18.087786819000026
            ],
            [
              74.61340412600002,
              18.086804717000067
            ],
            [
              74.61386925700003,
              18.085795836000038
            ],
            [
              74.61393839900005,
              18.083841832000076
            ],
            [
              74.61389830200004,
              18.083136519000046
            ],
            [
              74.61411885200005,
              18.08235463400007
            ],
            [
              74.61327671100008,
              18.082145619000073
            ],
            [
              74.61021800900006,
              18.083253785000068
            ],
            [
              74.60961899500006,
              18.08339037300004
            ],
            [
              74.60933650500003,
              18.08363712000005
            ],
            [
              74.60801047900003,
              18.084030477000056
            ],
            [
              74.60531272400003,
              18.08471955900006
            ],
            [
              74.60341795400007,
              18.085258559000067
            ],
            [
              74.60176517000008,
              18.085787144000047
            ],
            [
              74.60112632000006,
              18.086100439000063
            ],
            [
              74.59934612000005,
              18.086697988000026
            ],
            [
              74.59756508300008,
              18.087148757000026
            ],
            [
              74.59670160500009,
              18.08723744100007
            ],
            [
              74.59556893200005,
              18.08717344100006
            ],
            [
              74.59301882900007,
              18.087270037000053
            ],
            [
              74.59158015800006,
              18.087491140000054
            ],
            [
              74.58633158600001,
              18.088765059000025
            ],
            [
              74.58590461300008,
              18.08891351200003
            ],
            [
              74.58474569600008,
              18.089809960000025
            ],
            [
              74.58426607300005,
              18.09025144100008
            ],
            [
              74.58410683800008,
              18.090179556000066
            ],
            [
              74.58195580100006,
              18.09279329500003
            ],
            [
              74.58052500100008,
              18.093907146000053
            ],
            [
              74.58296326600005,
              18.095391316000075
            ],
            [
              74.58608226100006,
              18.096397987000046
            ],
            [
              74.58688333400005,
              18.096564974000046
            ],
            [
              74.58771905500005,
              18.09702234300005
            ],
            [
              74.58868032000004,
              18.097436427000048
            ],
            [
              74.59054613900008,
              18.09835980900004
            ],
            [
              74.59181465300004,
              18.099065527000054
            ],
            [
              74.59438969600006,
              18.100232002000038
            ],
            [
              74.59586174700007,
              18.10085283900003
            ],
            [
              74.59730847600008,
              18.101257058000048
            ],
            [
              74.5972546940001,
              18.10216964200003
            ],
            [
              74.59678999700003,
              18.10333597400006
            ],
            [
              74.59795428800007,
              18.103944823000067
            ],
            [
              74.59853267400007,
              18.10441171200006
            ],
            [
              74.60004565200005,
              18.105891084000067
            ],
            [
              74.59868689500007,
              18.107623330000024
            ],
            [
              74.59837914900004,
              18.108095600000073
            ],
            [
              74.59684562100007,
              18.109992715000036
            ],
            [
              74.59767055700007,
              18.110825682000044
            ],
            [
              74.60042747900007,
              18.113697325000036
            ],
            [
              74.60138001200004,
              18.11477617000003
            ],
            [
              74.60072576600004,
              18.116932821000034
            ],
            [
              74.60143878900004,
              18.117985205000032
            ],
            [
              74.60144990400006,
              18.118115271000026
            ],
            [
              74.60238172800005,
              18.119358186000063
            ],
            [
              74.60385401300005,
              18.120431924000062
            ],
            [
              74.60418436800006,
              18.120105153000058
            ],
            [
              74.60659471800005,
              18.121969611000058
            ],
            [
              74.60824727500005,
              18.123306249000052
            ],
            [
              74.60955463700003,
              18.124203345000073
            ],
            [
              74.61093087500007,
              18.125416172000026
            ],
            [
              74.61250653600005,
              18.12635346500003
            ],
            [
              74.61369742300009,
              18.126287283000067
            ]
          ]
        ]
      },
      "properties": {
        "SUB_DIST": "Baramati",
        "DISTRICT": "Pune",
        "STATE": "Maharashtra",
        "TYPE": "village",
        "NAME": "Dorlewadi",
        "CEN_2001": "275210419903181700",
        "TARGET_NAME": "Dorlewadi"
      }
    },
    {
      "type": "Feature",
      "geometry": {
        "type": "Polygon",
        "coordinates": [
          [
            [
              74.66516079500009,
              18.15871943700006
            ],
            [
              74.66544955700003,
              18.15635191200005
            ],
            [
              74.66616373900008,
              18.15402949000003
            ],
            [
              74.66734956700003,
              18.15410265400004
            ],
            [
              74.66839156400005,
              18.15096334300006
            ],
            [
              74.66917674000007,
              18.148350251000068
            ],
            [
              74.66982875500008,
              18.146643256000058
            ],
            [
              74.67136426200005,
              18.14352483900006
            ],
            [
              74.67285101900003,
              18.14221507600007
            ],
            [
              74.67655045000004,
              18.14036074200004
            ],
            [
              74.67646224100008,
              18.139618937000026
            ],
            [
              74.67800373400006,
              18.138940121000083
            ],
            [
              74.67818702600003,
              18.13551691200007
            ],
            [
              74.67845711100003,
              18.131130748000036
            ],
            [
              74.67742513200004,
              18.130820520000047
            ],
            [
              74.67664745200004,
              18.12918978700003
            ],
            [
              74.67629558400006,
              18.128175834000047
            ],
            [
              74.67730889800002,
              18.127947154000033
            ],
            [
              74.67758018100005,
              18.126014045000034
            ],
            [
              74.67791112200005,
              18.123943328000056
            ],
            [
              74.67903641500003,
              18.123937273000024
            ],
            [
              74.67995230000007,
              18.12285704100003
            ],
            [
              74.68152680100009,
              18.121469501000036
            ],
            [
              74.68174404000007,
              18.12014541000008
            ],
            [
              74.68160445800005,
              18.119507095000078
            ],
            [
              74.68164009100009,
              18.11817619500005
            ],
            [
              74.68100221200005,
              18.116079255000045
            ],
            [
              74.68099135600004,
              18.115152110000057
            ],
            [
              74.68118665900006,
              18.11496905900004
            ],
            [
              74.67841270700004,
              18.11474210800003
            ],
            [
              74.67430819500002,
              18.11426154900005
            ],
            [
              74.66758718000006,
              18.114185910000067
            ],
            [
              74.66693703100002,
              18.11435355700008
            ],
            [
              74.66400436500005,
              18.114769069000037
            ],
            [
              74.660870173,
              18.115302494000048
            ],
            [
              74.65948066400006,
              18.115267142000054
            ],
            [
              74.65706519500003,
              18.11541104000003
            ],
            [
              74.65617665900004,
              18.115540275000054
            ],
            [
              74.65495249900006,
              18.11546111200005
            ],
            [
              74.65332535900005,
              18.115485675000063
            ],
            [
              74.65064508500006,
              18.115785338000027
            ],
            [
              74.64947190200006,
              18.115763397000027
            ],
            [
              74.64638149300004,
              18.11556819800007
            ],
            [
              74.64505831000007,
              18.115459424000054
            ],
            [
              74.64693361600007,
              18.116706803000056
            ],
            [
              74.64887526800004,
              18.11678097100003
            ],
            [
              74.6497194550001,
              18.11722274700003
            ],
            [
              74.65102645800006,
              18.119457980000053
            ],
            [
              74.65116779900006,
              18.120367585000054
            ],
            [
              74.65112453800003,
              18.12104832200004
            ],
            [
              74.65089645000005,
              18.12152082800003
            ],
            [
              74.65070887100003,
              18.122241428000056
            ],
            [
              74.65130729900005,
              18.12346514700005
            ],
            [
              74.65115011500005,
              18.124034677000054
            ],
            [
              74.65006824500006,
              18.124285493000066
            ],
            [
              74.64972792400006,
              18.124488557000067
            ],
            [
              74.65001616200003,
              18.125117512000028
            ],
            [
              74.65046249200002,
              18.12643606300003
            ],
            [
              74.65032533700007,
              18.127150278000045
            ],
            [
              74.64973260200001,
              18.128080185000044
            ],
            [
              74.64969649500007,
              18.12943527300007
            ],
            [
              74.64953192700006,
              18.130692772000028
            ],
            [
              74.64903155900004,
              18.13240107300004
            ],
            [
              74.64932682100006,
              18.133718140000045
            ],
            [
              74.65003533000002,
              18.134743415000063
            ],
            [
              74.65038781900003,
              18.13542116300005
            ],
            [
              74.65075187200003,
              18.137034763000035
            ],
            [
              74.65050266700007,
              18.138133180000068
            ],
            [
              74.65128036900006,
              18.14076226900005
            ],
            [
              74.65147339200006,
              18.142222817000057
            ],
            [
              74.65215624100006,
              18.143633134000027
            ],
            [
              74.65304585200003,
              18.144550089000067
            ],
            [
              74.65337640500006,
              18.14524803800003
            ],
            [
              74.65232964300003,
              18.148182879000043
            ],
            [
              74.65238266900008,
              18.149512918000028
            ],
            [
              74.65292522400006,
              18.150019825000076
            ],
            [
              74.65483033200005,
              18.15029350700007
            ],
            [
              74.65477402200007,
              18.148620692000062
            ],
            [
              74.65721979400008,
              18.14857579600005
            ],
            [
              74.65692340200007,
              18.15049400600003
            ],
            [
              74.65707305100005,
              18.150703563000036
            ],
            [
              74.65714874000008,
              18.152170321000032
            ],
            [
              74.65709194500006,
              18.154040072000043
            ],
            [
              74.65704091500004,
              18.15440169400006
            ],
            [
              74.65549185200004,
              18.15401826500005
            ],
            [
              74.65400683100005,
              18.15410445700008
            ],
            [
              74.65380223400005,
              18.154884687000056
            ],
            [
              74.65330922000004,
              18.157950514000056
            ],
            [
              74.65319074800004,
              18.159390580000036
            ],
            [
              74.65682534400008,
              18.159784389000038
            ],
            [
              74.65678656400006,
              18.16049801700007
            ],
            [
              74.65637716300003,
              18.163979381000047
            ],
            [
              74.65643468400003,
              18.165626640000024
            ],
            [
              74.65642617700006,
              18.168020351000052
            ],
            [
              74.65661711100005,
              18.170514115000064
            ],
            [
              74.65679979300005,
              18.172442936000035
            ],
            [
              74.65450189200003,
              18.173016591000078
            ],
            [
              74.65446976300008,
              18.17525464700003
            ],
            [
              74.65425101300008,
              18.17635734800007
            ],
            [
              74.65589108200002,
              18.17710615500005
            ],
            [
              74.65921058600003,
              18.17818113400006
            ],
            [
              74.65954935800005,
              18.178678243000036
            ],
            [
              74.66261147600005,
              18.180311562000043
            ],
            [
              74.66289557900005,
              18.180392019000067
            ],
            [
              74.66273499700002,
              18.179062871000042
            ],
            [
              74.66258039400002,
              18.17828650000007
            ],
            [
              74.66229168300003,
              18.17733559100003
            ],
            [
              74.66232579900003,
              18.17712963300005
            ],
            [
              74.66200504200002,
              18.176551429000035
            ],
            [
              74.66274519700004,
              18.174855774000044
            ],
            [
              74.66271359200005,
              18.173715216000065
            ],
            [
              74.66304818200005,
              18.172687879000023
            ],
            [
              74.66290470300004,
              18.17183870800006
            ],
            [
              74.66278872300003,
              18.169933485000062
            ],
            [
              74.66201468700008,
              18.169150496000047
            ],
            [
              74.66184628400003,
              18.168227891000072
            ],
            [
              74.66165676700008,
              18.16767837900005
            ],
            [
              74.66168005700007,
              18.165019719000043
            ],
            [
              74.66231271700006,
              18.164588453000025
            ],
            [
              74.66267200300005,
              18.162350178000054
            ],
            [
              74.66243175500004,
              18.16190218700007
            ],
            [
              74.66287767900008,
              18.161297845000036
            ],
            [
              74.66308579300005,
              18.160044048000028
            ],
            [
              74.66373165700007,
              18.15934190300004
            ],
            [
              74.66431107200002,
              18.159218133000028
            ],
            [
              74.66516079500009,
              18.15871943700006
            ]
          ]
        ]
      },
      "properties": {
        "SUB_DIST": "Baramati",
        "DISTRICT": "Pune",
        "STATE": "Maharashtra",
        "TYPE": "village",
        "NAME": "Katewadi",
        "CEN_2001": "275210419903181200",
        "TARGET_NAME": "Katewadi"
      }
    },
    {
      "type": "Feature",
      "geometry": {
        "type": "Polygon",
        "coordinates": [
          [
            [
              74.62810324100009,
              18.26271436300004
            ],
            [
              74.62886074800008,
              18.262099428000056
            ],
            [
              74.62897424300006,
              18.261814269000073
            ],
            [
              74.63041092500005,
              18.26012371900003
            ],
            [
              74.63179956400006,
              18.258628383000026
            ],
            [
              74.63276281200004,
              18.25793584700006
            ],
            [
              74.63644143600003,
              18.257620615000064
            ],
            [
              74.63745741300005,
              18.25711239800006
            ],
            [
              74.64053238100007,
              18.255748654000055
            ],
            [
              74.64090030000006,
              18.255631000000047
            ],
            [
              74.64072582300008,
              18.25376340300005
            ],
            [
              74.64039307500009,
              18.25093112900004
            ],
            [
              74.63927080800005,
              18.247354969000074
            ],
            [
              74.63841841100002,
              18.24654070700006
            ],
            [
              74.63761929500006,
              18.243211972000037
            ],
            [
              74.63659495400003,
              18.243115971000066
            ],
            [
              74.63640427800004,
              18.242053757000065
            ],
            [
              74.63441213800006,
              18.240831641000057
            ],
            [
              74.63358885900003,
              18.240369581000035
            ],
            [
              74.63270963400004,
              18.238220568000028
            ],
            [
              74.63502517800002,
              18.238756484000078
            ],
            [
              74.63522286600005,
              18.23795975000008
            ],
            [
              74.63516985400008,
              18.237364999000025
            ],
            [
              74.63498991400007,
              18.237311223000066
            ],
            [
              74.63522188100006,
              18.236463056000048
            ],
            [
              74.63551356000006,
              18.234812261000062
            ],
            [
              74.63604206900004,
              18.23143565500004
            ],
            [
              74.63532209200007,
              18.231684719000047
            ],
            [
              74.63432841000008,
              18.23192629700003
            ],
            [
              74.63306538400009,
              18.232318191000047
            ],
            [
              74.63228340200004,
              18.23272214500002
            ],
            [
              74.63216989900009,
              18.232454433000044
            ],
            [
              74.6319179210001,
              18.23123846800008
            ],
            [
              74.63305575700008,
              18.22832391500003
            ],
            [
              74.633712352,
              18.227030612000082
            ],
            [
              74.63673255600006,
              18.227193146000047
            ],
            [
              74.63700087200003,
              18.222446578000067
            ],
            [
              74.63711304900008,
              18.221208584000067
            ],
            [
              74.63742940500005,
              18.21668729000004
            ],
            [
              74.63586423500004,
              18.216351828000032
            ],
            [
              74.63409396800007,
              18.21581762300008
            ],
            [
              74.63363110300007,
              18.215776128000076
            ],
            [
              74.62992578600006,
              18.21566552700006
            ],
            [
              74.62687956900004,
              18.215303089000027
            ],
            [
              74.62582147600004,
              18.213974500000067
            ],
            [
              74.62229061600003,
              18.213688320000077
            ],
            [
              74.61763133000005,
              18.212138937000077
            ],
            [
              74.61678036100005,
              18.211810737000068
            ],
            [
              74.61586899500008,
              18.211582168000067
            ],
            [
              74.61550342500006,
              18.211805440000038
            ],
            [
              74.61070645300002,
              18.212741214000058
            ],
            [
              74.60905137600007,
              18.21299585000003
            ],
            [
              74.60919900800009,
              18.214457252000045
            ],
            [
              74.60502250200004,
              18.217980377000064
            ],
            [
              74.60430145900006,
              18.218627652000066
            ],
            [
              74.59710327400008,
              18.22147007300003
            ],
            [
              74.59700317900008,
              18.221564065000056
            ],
            [
              74.59688967900009,
              18.223890783000062
            ],
            [
              74.59671415500003,
              18.22748884000003
            ],
            [
              74.59731812900003,
              18.22768806700003
            ],
            [
              74.59730962800008,
              18.228114887000057
            ],
            [
              74.59659662100007,
              18.233228240000074
            ],
            [
              74.59655702600008,
              18.23376504700008
            ],
            [
              74.5960509590001,
              18.236492596000062
            ],
            [
              74.59550090700003,
              18.23879011200006
            ],
            [
              74.59515766600003,
              18.239955048000077
            ],
            [
              74.5942883800001,
              18.24314092500003
            ],
            [
              74.59329814500006,
              18.247589693000066
            ],
            [
              74.59237112400005,
              18.249948022000073
            ],
            [
              74.59168935700006,
              18.25129733400007
            ],
            [
              74.59308764000009,
              18.252503891000057
            ],
            [
              74.59443127200007,
              18.253551621000046
            ],
            [
              74.59541716600005,
              18.254025505000076
            ],
            [
              74.59677237600003,
              18.254942862000064
            ],
            [
              74.59802238100009,
              18.255313092000048
            ],
            [
              74.60020657900003,
              18.25626296200005
            ],
            [
              74.60120245800006,
              18.256751413000078
            ],
            [
              74.60251316100006,
              18.257122225000046
            ],
            [
              74.60382493300006,
              18.257396392000032
            ],
            [
              74.60842037300004,
              18.257243920000064
            ],
            [
              74.60966256500006,
              18.25760139800008
            ],
            [
              74.61067251500002,
              18.258063761000077
            ],
            [
              74.61197713900002,
              18.257769677000056
            ],
            [
              74.61253189800003,
              18.257792949000077
            ],
            [
              74.61441618900007,
              18.25769335500007
            ],
            [
              74.61825915800006,
              18.25896712600008
            ],
            [
              74.62048606900004,
              18.26029083600002
            ],
            [
              74.62133240900005,
              18.260654555000027
            ],
            [
              74.62437834000006,
              18.26156202900006
            ],
            [
              74.62448375600006,
              18.26155572900007
            ],
            [
              74.62810324100009,
              18.26271436300004
            ]
          ]
        ]
      },
      "properties": {
        "SUB_DIST": "Baramati",
        "DISTRICT": "Pune",
        "STATE": "Maharashtra",
        "TYPE": "village",
        "NAME": "Katphal",
        "CEN_2001": "275210419903173800",
        "TARGET_NAME": "Katphal"
      }
    },
    {
      "type": "Feature",
      "geometry": {
        "type": "Polygon",
        "coordinates": [
          [
            [
              74.48287770000006,
              18.17103817100008
            ],
            [
              74.48433851500005,
              18.170711071000028
            ],
            [
              74.48583351400002,
              18.17010251100004
            ],
            [
              74.48675559000003,
              18.16992473200003
            ],
            [
              74.4897586690001,
              18.16906551500006
            ],
            [
              74.49118414500005,
              18.16892127500006
            ],
            [
              74.49432583900007,
              18.168325625000026
            ],
            [
              74.49525888700003,
              18.168335015000025
            ],
            [
              74.49478036400006,
              18.165247551000046
            ],
            [
              74.49448309600008,
              18.16177101400007
            ],
            [
              74.4944051830001,
              18.160199255000066
            ],
            [
              74.49428142700005,
              18.15920570600003
            ],
            [
              74.49444205300006,
              18.158015710000033
            ],
            [
              74.49475303200006,
              18.157570900000056
            ],
            [
              74.49490697300008,
              18.157054677000083
            ],
            [
              74.49456750400005,
              18.156149033000077
            ],
            [
              74.4946904160001,
              18.155650483000045
            ],
            [
              74.49508706100006,
              18.15518864300003
            ],
            [
              74.49585897500003,
              18.154038820000043
            ],
            [
              74.4960666640001,
              18.153299496000045
            ],
            [
              74.49660584900008,
              18.152309219000074
            ],
            [
              74.49692776600007,
              18.151552239000072
            ],
            [
              74.49709919200006,
              18.150565342000053
            ],
            [
              74.49718794300004,
              18.149643195000067
            ],
            [
              74.49697460300008,
              18.149197721000068
            ],
            [
              74.49739276500004,
              18.148555644000055
            ],
            [
              74.4977446760001,
              18.148397915000032
            ],
            [
              74.49823462100008,
              18.148590451000075
            ],
            [
              74.49877500300005,
              18.148975722000053
            ],
            [
              74.49907016200007,
              18.14864563200007
            ],
            [
              74.49899239000007,
              18.147946163000032
            ],
            [
              74.49963773900005,
              18.14656128200005
            ],
            [
              74.50004272500007,
              18.146406569000078
            ],
            [
              74.50081252300004,
              18.146451739000046
            ],
            [
              74.50160481300003,
              18.146229925000057
            ],
            [
              74.50186118500007,
              18.14601059900002
            ],
            [
              74.50280054100006,
              18.14548346700008
            ],
            [
              74.50357833900004,
              18.145156290000042
            ],
            [
              74.50438128700006,
              18.14493238900008
            ],
            [
              74.50514012800005,
              18.144583175000037
            ],
            [
              74.50573482300005,
              18.144107530000042
            ],
            [
              74.50704209600008,
              18.143466244000024
            ],
            [
              74.50873000500006,
              18.142371278000038
            ],
            [
              74.50985825900005,
              18.14178865500003
            ],
            [
              74.51017671100004,
              18.141437530000076
            ],
            [
              74.50994268200003,
              18.140571257000033
            ],
            [
              74.50990229000007,
              18.139794147000035
            ],
            [
              74.50993823700001,
              18.138196847000074
            ],
            [
              74.51021070400004,
              18.137894972000034
            ],
            [
              74.51146709100006,
              18.13775083300004
            ],
            [
              74.51227032100007,
              18.137541233000036
            ],
            [
              74.51296640400007,
              18.13708539200008
            ],
            [
              74.51367526400004,
              18.136478179000054
            ],
            [
              74.51465647800008,
              18.13594335800008
            ],
            [
              74.51605867300003,
              18.13543489200003
            ],
            [
              74.51714815700007,
              18.134845310000067
            ],
            [
              74.51896900100009,
              18.135079799000042
            ],
            [
              74.51960367600005,
              18.135286890000028
            ],
            [
              74.52128631800008,
              18.13516056200007
            ],
            [
              74.52293680700004,
              18.135186001000026
            ],
            [
              74.52641265400007,
              18.134787776000056
            ],
            [
              74.52878364100009,
              18.13448316200004
            ],
            [
              74.53022395700005,
              18.134179183000075
            ],
            [
              74.53236060000006,
              18.13381459800008
            ],
            [
              74.53270745200005,
              18.133977231000078
            ],
            [
              74.53306255200005,
              18.133664550000052
            ],
            [
              74.53510706800006,
              18.133397262000077
            ],
            [
              74.53614174700004,
              18.13352366400005
            ],
            [
              74.53637094600002,
              18.133103761000033
            ],
            [
              74.53696401400003,
              18.131391244000046
            ],
            [
              74.53742837500006,
              18.13018826000007
            ],
            [
              74.53825610800004,
              18.127732134000038
            ],
            [
              74.53888867100005,
              18.12546912600004
            ],
            [
              74.53951392700004,
              18.125259572000058
            ],
            [
              74.54107432000006,
              18.12499474100003
            ],
            [
              74.54198300300006,
              18.124931584000027
            ],
            [
              74.54347834200006,
              18.12505545300008
            ],
            [
              74.54393982000006,
              18.122557761000056
            ],
            [
              74.54396961700009,
              18.12085493400003
            ],
            [
              74.54416423400008,
              18.11879643800006
            ],
            [
              74.54175918300008,
              18.118778739000053
            ],
            [
              74.54183247900006,
              18.11786616800004
            ],
            [
              74.54198632000003,
              18.117080889000025
            ],
            [
              74.53808176000007,
              18.116915940000077
            ],
            [
              74.53656912900006,
              18.116753099000054
            ],
            [
              74.5355530940001,
              18.11669942400005
            ],
            [
              74.52842580500004,
              18.11622733100006
            ],
            [
              74.52825701500007,
              18.11341320300005
            ],
            [
              74.52804726600003,
              18.11317440100004
            ],
            [
              74.52632338500008,
              18.11343414700008
            ],
            [
              74.51902332400007,
              18.11415912500008
            ],
            [
              74.51609265300004,
              18.114422836000074
            ],
            [
              74.51319364200005,
              18.11458802000005
            ],
            [
              74.51302034700008,
              18.114251813000074
            ],
            [
              74.51302637000003,
              18.11312452200008
            ],
            [
              74.51278722100005,
              18.108761280000067
            ],
            [
              74.51284819800001,
              18.10704834200004
            ],
            [
              74.51322933800004,
              18.104578375000077
            ],
            [
              74.51359603900006,
              18.10180374200008
            ],
            [
              74.5153199850001,
              18.099236241000025
            ],
            [
              74.51403513300005,
              18.099001840000028
            ],
            [
              74.5140469230001,
              18.096894179000063
            ],
            [
              74.51288429700008,
              18.09679028900007
            ],
            [
              74.50949690000004,
              18.096393568000053
            ],
            [
              74.50734389900003,
              18.09629066500003
            ],
            [
              74.50398290600002,
              18.096447232000056
            ],
            [
              74.50200404900006,
              18.096393661000036
            ],
            [
              74.4989550270001,
              18.096504525000057
            ],
            [
              74.49662931400009,
              18.096665427000065
            ],
            [
              74.49640250000004,
              18.097125033000054
            ],
            [
              74.49646781900003,
              18.09814833900003
            ],
            [
              74.49623946200008,
              18.098260193000044
            ],
            [
              74.49604080900009,
              18.098974335000037
            ],
            [
              74.49563331000007,
              18.099009696000053
            ],
            [
              74.49477473600007,
              18.10139142200007
            ],
            [
              74.4947591200001,
              18.101543583000023
            ],
            [
              74.49577174700005,
              18.104925529000077
            ],
            [
              74.49760897900008,
              18.104859777000065
            ],
            [
              74.49772031800006,
              18.105729633000063
            ],
            [
              74.49602229400007,
              18.105790615000046
            ],
            [
              74.49678879600002,
              18.108626603000058
            ],
            [
              74.49720109200008,
              18.108758212000055
            ],
            [
              74.49788325000004,
              18.109196603000044
            ],
            [
              74.49808163300008,
              18.109470532000046
            ],
            [
              74.49891869500006,
              18.112609819000056
            ],
            [
              74.49973220500004,
              18.115805019000057
            ],
            [
              74.5011499220001,
              18.120852009000036
            ],
            [
              74.50165750000009,
              18.12254815400007
            ],
            [
              74.50245759900008,
              18.125518488000072
            ],
            [
              74.50134227900008,
              18.12577259100004
            ],
            [
              74.49871614600005,
              18.12630783400004
            ],
            [
              74.49734814200008,
              18.12716675600007
            ],
            [
              74.49692424300011,
              18.12848395800006
            ],
            [
              74.49703814300005,
              18.129025351000056
            ],
            [
              74.49747918500005,
              18.130374749000058
            ],
            [
              74.49805154600006,
              18.13085796900004
            ],
            [
              74.49867736000004,
              18.13113520800005
            ],
            [
              74.49863918400008,
              18.132981685000065
            ],
            [
              74.49855427100007,
              18.13438707900008
            ],
            [
              74.49793637300007,
              18.13595670700005
            ],
            [
              74.49384508300007,
              18.13596286500007
            ],
            [
              74.4890206570001,
              18.136397977000062
            ],
            [
              74.48855223500004,
              18.136698348000042
            ],
            [
              74.48679643900006,
              18.137346226000034
            ],
            [
              74.48672517700004,
              18.13757324500006
            ],
            [
              74.48702151200007,
              18.142181436000044
            ],
            [
              74.48748030200005,
              18.143816086000076
            ],
            [
              74.48788409400005,
              18.145405565000033
            ],
            [
              74.48845593800007,
              18.14809262400007
            ],
            [
              74.48864956000007,
              18.149465251000038
            ],
            [
              74.48737948300005,
              18.151081555000083
            ],
            [
              74.48721997800007,
              18.15121895600004
            ],
            [
              74.48550140900007,
              18.15354967600007
            ],
            [
              74.4850933800001,
              18.15621791000007
            ],
            [
              74.48490082100007,
              18.15767535700008
            ],
            [
              74.48440301000007,
              18.160687135000046
            ],
            [
              74.48350542400006,
              18.16368594200003
            ],
            [
              74.48278715700006,
              18.165658828000065
            ],
            [
              74.48217436100003,
              18.16848153000006
            ],
            [
              74.48186536700008,
              18.169218811000064
            ],
            [
              74.48287770000006,
              18.17103817100008
            ]
          ]
        ]
      },
      "properties": {
        "SUB_DIST": "Baramati",
        "DISTRICT": "Pune",
        "STATE": "Maharashtra",
        "TYPE": "village",
        "NAME": "Malegaon Bk",
        "CEN_2001": "275210419903178800",
        "TARGET_NAME": "Malegaon Bk"
      }
    },
    {
      "type": "Feature",
      "geometry": {
        "type": "Polygon",
        "coordinates": [
          [
            [
              74.31272855300004,
              18.12329999900004
            ],
            [
              74.31664422200005,
              18.12244633700004
            ],
            [
              74.3179448590001,
              18.122130368000057
            ],
            [
              74.31792232000005,
              18.12191101500003
            ],
            [
              74.32131322300006,
              18.12106601800003
            ],
            [
              74.32146508100006,
              18.12106316100006
            ],
            [
              74.32444713100004,
              18.121778878000043
            ],
            [
              74.32679790300004,
              18.122214734000067
            ],
            [
              74.32678123100003,
              18.122593567000024
            ],
            [
              74.32720750000004,
              18.12261127500005
            ],
            [
              74.32739628800006,
              18.12232848600007
            ],
            [
              74.32810000600004,
              18.121274361000083
            ],
            [
              74.32892644700007,
              18.120361798000037
            ],
            [
              74.3295276250001,
              18.119106333000047
            ],
            [
              74.33001805700006,
              18.118442369000036
            ],
            [
              74.33019751500007,
              18.117862636000044
            ],
            [
              74.33099357500005,
              18.11575577300005
            ],
            [
              74.33189796900008,
              18.11583362100004
            ],
            [
              74.33226065400005,
              18.115671982000038
            ],
            [
              74.33204673200002,
              18.114972450000046
            ],
            [
              74.33188872300008,
              18.114064153000083
            ],
            [
              74.33327734600005,
              18.11104542500005
            ],
            [
              74.33377133300004,
              18.10889659000003
            ],
            [
              74.33435760500005,
              18.108150132000052
            ],
            [
              74.33480910000003,
              18.107927615000055
            ],
            [
              74.33572578900005,
              18.10785058100004
            ],
            [
              74.33617671800005,
              18.107329533000037
            ],
            [
              74.33802495200007,
              18.10754642500007
            ],
            [
              74.33827509700005,
              18.10436251700003
            ],
            [
              74.33917471400008,
              18.10409353400007
            ],
            [
              74.33968167500008,
              18.10382785200005
            ],
            [
              74.34144697300007,
              18.10398824700008
            ],
            [
              74.34247751900004,
              18.104324123000033
            ],
            [
              74.34525270900009,
              18.10354141600004
            ],
            [
              74.34588276900007,
              18.103316539000044
            ],
            [
              74.34800122200005,
              18.10306052200008
            ],
            [
              74.34886065300003,
              18.103166691000073
            ],
            [
              74.34976816000005,
              18.10235379400007
            ],
            [
              74.35013253500004,
              18.101771158000084
            ],
            [
              74.35026038800005,
              18.101063204000074
            ],
            [
              74.35062742800007,
              18.100633866000067
            ],
            [
              74.35167527800007,
              18.10094462700005
            ],
            [
              74.35197142100003,
              18.09953341100004
            ],
            [
              74.35156534600003,
              18.099249290000042
            ],
            [
              74.35148044500006,
              18.098763808000054
            ],
            [
              74.35184590900009,
              18.097878649000055
            ],
            [
              74.35193574700008,
              18.097257868000046
            ],
            [
              74.35194129500007,
              18.096278738000027
            ],
            [
              74.34904319100009,
              18.09421063600007
            ],
            [
              74.34731439700006,
              18.093436266000026
            ],
            [
              74.34601904600005,
              18.09296428500005
            ],
            [
              74.34478781300002,
              18.092756821000023
            ],
            [
              74.3432392110001,
              18.09206199800008
            ],
            [
              74.33945721000002,
              18.089341345000033
            ],
            [
              74.33898683600003,
              18.089969022000048
            ],
            [
              74.33830587800001,
              18.092138911000063
            ],
            [
              74.33809707300001,
              18.093415593000028
            ],
            [
              74.33602836000006,
              18.093391807000046
            ],
            [
              74.33558193400005,
              18.093198184000077
            ],
            [
              74.33544659100005,
              18.09264163700004
            ],
            [
              74.33512162400008,
              18.092365639000036
            ],
            [
              74.33446578400005,
              18.092284789000075
            ],
            [
              74.33390530700007,
              18.092456352000056
            ],
            [
              74.33300773500008,
              18.09244601500006
            ],
            [
              74.33214024200004,
              18.09265592000003
            ],
            [
              74.32939847700003,
              18.09304316400005
            ],
            [
              74.32721178700008,
              18.09368809600005
            ],
            [
              74.32556078000006,
              18.094391553000037
            ],
            [
              74.32388892300007,
              18.095010982000076
            ],
            [
              74.32311095400007,
              18.095064810000054
            ],
            [
              74.32110109200005,
              18.09470645400006
            ],
            [
              74.31979583300004,
              18.095769896000032
            ],
            [
              74.31860465000007,
              18.09646814900003
            ],
            [
              74.31766389900011,
              18.097274016000032
            ],
            [
              74.31566933000006,
              18.099167154000046
            ],
            [
              74.31470440500006,
              18.100150741000054
            ],
            [
              74.31442106900008,
              18.10091187000006
            ],
            [
              74.31441523300003,
              18.10137286600008
            ],
            [
              74.31441179200004,
              18.101644768000032
            ],
            [
              74.31383223100005,
              18.10245481200008
            ],
            [
              74.31413508100009,
              18.103256656000045
            ],
            [
              74.31400229900005,
              18.10357325800004
            ],
            [
              74.31357152600002,
              18.10403889300005
            ],
            [
              74.31282763100006,
              18.105129099000067
            ],
            [
              74.31287736100005,
              18.10686815100008
            ],
            [
              74.31286772200008,
              18.10905039800003
            ],
            [
              74.31281799000004,
              18.111400920000055
            ],
            [
              74.31288226300005,
              18.115608263000073
            ],
            [
              74.31282080100004,
              18.116545040000066
            ],
            [
              74.31272855300004,
              18.12329999900004
            ]
          ]
        ]
      },
      "properties": {
        "SUB_DIST": "Baramati",
        "DISTRICT": "Pune",
        "STATE": "Maharashtra",
        "TYPE": "village",
        "NAME": "Hol",
        "CEN_2001": "275210419903177100",
        "TARGET_NAME": "Hol"
      }
    },
    {
      "type": "Feature",
      "geometry": {
        "type": "Polygon",
        "coordinates": [
          [
            [
              74.62761674600006,
              18.191597344000062
            ],
            [
              74.62750670400004,
              18.189959076000036
            ],
            [
              74.62733704200006,
              18.189101969000035
            ],
            [
              74.62726969700005,
              18.187583453000062
            ],
            [
              74.62721282300004,
              18.187377185000063
            ],
            [
              74.62656426600006,
              18.186702389000057
            ],
            [
              74.62601825000006,
              18.185400367000057
            ],
            [
              74.62583789500005,
              18.184746884000045
            ],
            [
              74.62554114400005,
              18.18425860500003
            ],
            [
              74.62535487900003,
              18.18364909000007
            ],
            [
              74.62473130100004,
              18.182696983000024
            ],
            [
              74.62370967200006,
              18.180849606000034
            ],
            [
              74.62301547200008,
              18.179666729000083
            ],
            [
              74.62259437600004,
              18.17874416900003
            ],
            [
              74.62204254500004,
              18.17675774500003
            ],
            [
              74.62220863100002,
              18.17568155200007
            ],
            [
              74.62298199500002,
              18.17282461100007
            ],
            [
              74.62310800000004,
              18.171821829000073
            ],
            [
              74.62308273600004,
              18.17042422000003
            ],
            [
              74.62137491800006,
              18.170376819000072
            ],
            [
              74.62002257600004,
              18.170469814000057
            ],
            [
              74.61866073100003,
              18.170869012000033
            ],
            [
              74.61685984400003,
              18.171076722000073
            ],
            [
              74.61584198900006,
              18.171090332000066
            ],
            [
              74.61601480900003,
              18.171778526000033
            ],
            [
              74.61592226000006,
              18.17273124600007
            ],
            [
              74.61477135100004,
              18.172727538000057
            ],
            [
              74.61288532200005,
              18.17312332300003
            ],
            [
              74.61245048100007,
              18.17308866200006
            ],
            [
              74.61218185500006,
              18.173359446000067
            ],
            [
              74.61165461000009,
              18.174547933000042
            ],
            [
              74.61126127800004,
              18.175207484000055
            ],
            [
              74.60863073900002,
              18.17518737200004
            ],
            [
              74.60687498400006,
              18.175123543000037
            ],
            [
              74.60543075000002,
              18.175445296000078
            ],
            [
              74.60512846700004,
              18.175580681000042
            ],
            [
              74.60544255100005,
              18.176443062000033
            ],
            [
              74.60585147400008,
              18.178261263000028
            ],
            [
              74.6060856650001,
              18.179954908000077
            ],
            [
              74.60633406000005,
              18.18125850400003
            ],
            [
              74.60638409100005,
              18.18263847300005
            ],
            [
              74.60645602600005,
              18.183109079000076
            ],
            [
              74.60628280300004,
              18.18520593700003
            ],
            [
              74.60625362000009,
              18.186834101000045
            ],
            [
              74.60685044100006,
              18.192271903000066
            ],
            [
              74.60715750500003,
              18.194923274000075
            ],
            [
              74.60867475200006,
              18.194514973000025
            ],
            [
              74.60893750000007,
              18.196018360000043
            ],
            [
              74.61100876600005,
              18.195405010000062
            ],
            [
              74.61072220900007,
              18.19422449300004
            ],
            [
              74.61239575000008,
              18.193724787000065
            ],
            [
              74.61505024100006,
              18.192372050000074
            ],
            [
              74.6149654810001,
              18.191818598000058
            ],
            [
              74.61864417500004,
              18.190178352000036
            ],
            [
              74.6199691400001,
              18.18975041700003
            ],
            [
              74.62038572600004,
              18.190247388000046
            ],
            [
              74.62083427200007,
              18.191282104000038
            ],
            [
              74.62076115000006,
              18.192122533000024
            ],
            [
              74.62164009000008,
              18.192034532000033
            ],
            [
              74.62761674600006,
              18.191597344000062
            ]
          ]
        ]
      },
      "properties": {
        "SUB_DIST": "Baramati",
        "DISTRICT": "Pune",
        "STATE": "Maharashtra",
        "TYPE": "village",
        "NAME": "Rui",
        "CEN_2001": "275210419903180900",
        "TARGET_NAME": "Rui"
      }
    },
    {
      "type": "Feature",
      "geometry": {
        "type": "Polygon",
        "coordinates": [
          [
            [
              74.54431957700008,
              18.101078201000067
            ],
            [
              74.54418614100008,
              18.099982915000055
            ],
            [
              74.54451086400009,
              18.097615615000056
            ],
            [
              74.5444789840001,
              18.096519376000057
            ],
            [
              74.54449964500006,
              18.094472873000026
            ],
            [
              74.5446617480001,
              18.091730127000066
            ],
            [
              74.5448200420001,
              18.089701044000034
            ],
            [
              74.54473356900009,
              18.08923148300005
            ],
            [
              74.54477635700005,
              18.087781165000028
            ],
            [
              74.54485208400008,
              18.08355491800006
            ],
            [
              74.54498568400007,
              18.082745335000023
            ],
            [
              74.54546378000005,
              18.081530594000068
            ],
            [
              74.54604280400008,
              18.078778041000078
            ],
            [
              74.54641346200005,
              18.076529098000034
            ],
            [
              74.54651262900008,
              18.076145498000077
            ],
            [
              74.54673371300004,
              18.074490859000036
            ],
            [
              74.54687011200006,
              18.073814419000033
            ],
            [
              74.54761350400011,
              18.071726049000063
            ],
            [
              74.54815597900007,
              18.069256406000026
            ],
            [
              74.54869955000005,
              18.06865825200003
            ],
            [
              74.54762746900012,
              18.068150141000046
            ],
            [
              74.5461946240001,
              18.067392760000075
            ],
            [
              74.54556145300006,
              18.06651639700004
            ],
            [
              74.5451955600001,
              18.065536740000024
            ],
            [
              74.54400200900007,
              18.063233192000038
            ],
            [
              74.54248966800004,
              18.061668815000075
            ],
            [
              74.53985043600005,
              18.059753254000043
            ],
            [
              74.53895693600002,
              18.05944637900006
            ],
            [
              74.53822700200004,
              18.059316573000043
            ],
            [
              74.53767067600006,
              18.059121816000076
            ],
            [
              74.53735583200005,
              18.058858794000066
            ],
            [
              74.53672026700009,
              18.05872827000007
            ],
            [
              74.53549703000003,
              18.058241837000022
            ],
            [
              74.53488925100005,
              18.058145460000052
            ],
            [
              74.53374052000004,
              18.05770574600007
            ],
            [
              74.53222252400009,
              18.057549403000053
            ],
            [
              74.53065740200003,
              18.05763805500004
            ],
            [
              74.529348392,
              18.058020581000047
            ],
            [
              74.52601294700008,
              18.058834160000064
            ],
            [
              74.52529528800007,
              18.05896206800003
            ],
            [
              74.52410205000007,
              18.059174730000056
            ],
            [
              74.5219226550001,
              18.05972459800006
            ],
            [
              74.51997118000008,
              18.06008622900003
            ],
            [
              74.51896936500005,
              18.060348288000053
            ],
            [
              74.51822037600004,
              18.060410980000025
            ],
            [
              74.51673244100004,
              18.060679623000052
            ],
            [
              74.51609044800007,
              18.06074336600005
            ],
            [
              74.51502910000006,
              18.060739215000066
            ],
            [
              74.5142339600001,
              18.060660304000066
            ],
            [
              74.51294052500003,
              18.060313149000024
            ],
            [
              74.51268346100008,
              18.060609644000063
            ],
            [
              74.51306130000006,
              18.061792123000032
            ],
            [
              74.51354585800004,
              18.063102574000023
            ],
            [
              74.51384808300008,
              18.064992355000076
            ],
            [
              74.51370426200003,
              18.06542384400006
            ],
            [
              74.51325150700006,
              18.066019813000022
            ],
            [
              74.51353662900006,
              18.066518346000066
            ],
            [
              74.51459205400006,
              18.06719626000006
            ],
            [
              74.51471542800006,
              18.067570915000033
            ],
            [
              74.51415867500005,
              18.068482335000052
            ],
            [
              74.51393041800003,
              18.069177234000048
            ],
            [
              74.51345272500005,
              18.069609510000074
            ],
            [
              74.51283962100008,
              18.069731804000067
            ],
            [
              74.51252764200008,
              18.070074206000076
            ],
            [
              74.51238391800007,
              18.070737921000042
            ],
            [
              74.51195618600009,
              18.07146101600006
            ],
            [
              74.51186113400007,
              18.07183431600004
            ],
            [
              74.51207178100003,
              18.073423768000055
            ],
            [
              74.51252461500009,
              18.078761911000075
            ],
            [
              74.51297072800008,
              18.080891572000038
            ],
            [
              74.51331104800006,
              18.082799768000026
            ],
            [
              74.51405723300007,
              18.085168014000033
            ],
            [
              74.51463983800006,
              18.088697446000026
            ],
            [
              74.5147666600001,
              18.089924645000053
            ],
            [
              74.51482617500007,
              18.091541731000063
            ],
            [
              74.5148135730001,
              18.092528586000068
            ],
            [
              74.5147047710001,
              18.094364183000042
            ],
            [
              74.5146756550001,
              18.096659234000068
            ],
            [
              74.5140469230001,
              18.096894179000063
            ],
            [
              74.51403513300005,
              18.099001840000028
            ],
            [
              74.5153199850001,
              18.099236241000025
            ],
            [
              74.51682881700002,
              18.099419469000054
            ],
            [
              74.52053334200008,
              18.10000393300004
            ],
            [
              74.52413053500004,
              18.100006662000055
            ],
            [
              74.52500943200005,
              18.099869926000057
            ],
            [
              74.52569269800006,
              18.100143702000025
            ],
            [
              74.52712060600005,
              18.100336269000024
            ],
            [
              74.52833883100001,
              18.10055660400008
            ],
            [
              74.53125094200006,
              18.100517140000026
            ],
            [
              74.53339125000008,
              18.10040395900006
            ],
            [
              74.53398479800006,
              18.100420314000075
            ],
            [
              74.5375229460001,
              18.100925929000034
            ],
            [
              74.53867918300006,
              18.101230213000065
            ],
            [
              74.54028710000006,
              18.10116384300005
            ],
            [
              74.54431957700008,
              18.101078201000067
            ]
          ]
        ]
      },
      "properties": {
        "SUB_DIST": "Baramati",
        "DISTRICT": "Pune",
        "STATE": "Maharashtra",
        "TYPE": "village",
        "NAME": "Khandaj",
        "CEN_2001": "275210419903180500",
        "TARGET_NAME": "Khandaj"
      }
    },
    {
      "type": "Feature",
      "geometry": {
        "type": "Polygon",
        "coordinates": [
          [
            [
              74.67354311200003,
              18.091479510000056
            ],
            [
              74.67122807900006,
              18.08580035600005
            ],
            [
              74.66963162900005,
              18.08217389100002
            ],
            [
              74.66914195400005,
              18.080991290000043
            ],
            [
              74.66840428400009,
              18.079989672000067
            ],
            [
              74.66647094500007,
              18.077776518000064
            ],
            [
              74.66608533700007,
              18.076199864000046
            ],
            [
              74.66590567700007,
              18.074201899000062
            ],
            [
              74.66617041200003,
              18.072917287000053
            ],
            [
              74.66684671800003,
              18.071959123000063
            ],
            [
              74.66746585200008,
              18.071822735000072
            ],
            [
              74.66832366200003,
              18.071937632000076
            ],
            [
              74.66866359300009,
              18.071610597000074
            ],
            [
              74.66661187700004,
              18.071430086000078
            ],
            [
              74.66649058700006,
              18.071168356000047
            ],
            [
              74.66657578400003,
              18.070656005000046
            ],
            [
              74.66636788200002,
              18.06984351000005
            ],
            [
              74.66645637700002,
              18.069254036000075
            ],
            [
              74.66482651000007,
              18.06979727300006
            ],
            [
              74.66404202700005,
              18.069945002000054
            ],
            [
              74.66249746200002,
              18.069837043000064
            ],
            [
              74.66046755600006,
              18.069599463000028
            ],
            [
              74.65845099100005,
              18.069529902000053
            ],
            [
              74.65675233200002,
              18.06924016800002
            ],
            [
              74.65504765200004,
              18.068727792000058
            ],
            [
              74.65434934200005,
              18.068330061000037
            ],
            [
              74.65385888400003,
              18.067716524000044
            ],
            [
              74.65357024600006,
              18.066863016000074
            ],
            [
              74.65336061100004,
              18.06546441300003
            ],
            [
              74.65371672000002,
              18.063854790000054
            ],
            [
              74.65413010800005,
              18.06252236400007
            ],
            [
              74.65407379200008,
              18.061567178000075
            ],
            [
              74.65408943500006,
              18.060103561000062
            ],
            [
              74.65383175900006,
              18.058948491000027
            ],
            [
              74.65360728900005,
              18.05850446000005
            ],
            [
              74.65285179000004,
              18.057327697000066
            ],
            [
              74.65168250700002,
              18.05572129000006
            ],
            [
              74.65118188200005,
              18.05494640400008
            ],
            [
              74.65055650500005,
              18.053683873000065
            ],
            [
              74.64991201400005,
              18.052710223000076
            ],
            [
              74.64917446000005,
              18.05199514500004
            ],
            [
              74.64812035500006,
              18.05137774200006
            ],
            [
              74.64680729600008,
              18.050854637000047
            ],
            [
              74.64621126700008,
              18.050543725000068
            ],
            [
              74.64515484800006,
              18.049620710000056
            ],
            [
              74.64460855500006,
              18.048872826000036
            ],
            [
              74.64424077000008,
              18.04802063200003
            ],
            [
              74.64402749800009,
              18.047233606000077
            ],
            [
              74.64328980400006,
              18.045364790000065
            ],
            [
              74.64257013600005,
              18.04460987900006
            ],
            [
              74.64180089400008,
              18.044229232000074
            ],
            [
              74.64027383600005,
              18.044045419000046
            ],
            [
              74.63973948800003,
              18.044077170000037
            ],
            [
              74.63910542800006,
              18.044248273000047
            ],
            [
              74.63835310800005,
              18.044701242000027
            ],
            [
              74.63788303300004,
              18.04521404700006
            ],
            [
              74.63729636000006,
              18.04627672600003
            ],
            [
              74.63708194800006,
              18.046791836000065
            ],
            [
              74.6369134650001,
              18.047483804000024
            ],
            [
              74.63672864000006,
              18.049051611000042
            ],
            [
              74.63656396100006,
              18.04973658000005
            ],
            [
              74.63614251900002,
              18.05094600800004
            ],
            [
              74.63583827900003,
              18.051533669000037
            ],
            [
              74.63534100500003,
              18.052153748000027
            ],
            [
              74.63422193200006,
              18.053382878000033
            ],
            [
              74.63231151900003,
              18.05512921100006
            ],
            [
              74.6313299650001,
              18.055889630000024
            ],
            [
              74.62964054900004,
              18.05677935400007
            ],
            [
              74.62979371300007,
              18.058550052000044
            ],
            [
              74.62984411100005,
              18.06002772100004
            ],
            [
              74.62982466000007,
              18.061823955000026
            ],
            [
              74.62967334900003,
              18.06351408500006
            ],
            [
              74.62915498000008,
              18.06680420300006
            ],
            [
              74.62904342600007,
              18.067876057000035
            ],
            [
              74.62917366300007,
              18.06992177900003
            ],
            [
              74.62930289000006,
              18.07029742000003
            ],
            [
              74.63080702500008,
              18.069396082000026
            ],
            [
              74.63114972000007,
              18.069306088000076
            ],
            [
              74.63347220000001,
              18.068967233000023
            ],
            [
              74.63452518600009,
              18.068650781000027
            ],
            [
              74.63548495600007,
              18.06792476900006
            ],
            [
              74.63574652900006,
              18.06828208200005
            ],
            [
              74.63657302900003,
              18.070066148000027
            ],
            [
              74.63714700600008,
              18.071454767000038
            ],
            [
              74.63752322000008,
              18.072978011000036
            ],
            [
              74.63770964900006,
              18.07408022300007
            ],
            [
              74.63783900000004,
              18.074380779000027
            ],
            [
              74.63844679600003,
              18.074247439000033
            ],
            [
              74.63885648800004,
              18.075848931000053
            ],
            [
              74.6394119650001,
              18.07572618500006
            ],
            [
              74.63942102900006,
              18.07599892800005
            ],
            [
              74.63878861000003,
              18.076171656000046
            ],
            [
              74.63924264600007,
              18.078310356000028
            ],
            [
              74.63974590800007,
              18.078346858000025
            ],
            [
              74.64037489800005,
              18.08054046600006
            ],
            [
              74.64054612900003,
              18.081552221000035
            ],
            [
              74.64093702000008,
              18.083393576000045
            ],
            [
              74.64142589200003,
              18.087250812000036
            ],
            [
              74.6417695850001,
              18.089727172000035
            ],
            [
              74.64210556000006,
              18.093708220000053
            ],
            [
              74.64181896600007,
              18.094739116000028
            ],
            [
              74.64175622700003,
              18.096210867000025
            ],
            [
              74.64251899800007,
              18.096329215000026
            ],
            [
              74.64318869000004,
              18.096465344000027
            ],
            [
              74.6449670900001,
              18.096381653000037
            ],
            [
              74.64656100700006,
              18.096225498000027
            ],
            [
              74.64875304900006,
              18.096234156000037
            ],
            [
              74.64875115000005,
              18.098073358000025
            ],
            [
              74.64860848700006,
              18.098760428000052
            ],
            [
              74.65006160000007,
              18.098802268000043
            ],
            [
              74.65193291700005,
              18.098963641000072
            ],
            [
              74.65430461500006,
              18.09878490600005
            ],
            [
              74.65406888100006,
              18.09689549000007
            ],
            [
              74.65441230000005,
              18.09691710400006
            ],
            [
              74.65624619500005,
              18.096467614000066
            ],
            [
              74.65898002400006,
              18.095918833000038
            ],
            [
              74.66041796000007,
              18.09535117000007
            ],
            [
              74.66066352000009,
              18.09490289000007
            ],
            [
              74.66219841100008,
              18.094373248000068
            ],
            [
              74.66243387100008,
              18.094539116000078
            ],
            [
              74.66337429900005,
              18.09425158700003
            ],
            [
              74.66230107600003,
              18.092410170000047
            ],
            [
              74.66710119200008,
              18.091971116000032
            ],
            [
              74.67068194300002,
              18.091709523000077
            ],
            [
              74.67354311200003,
              18.091479510000056
            ]
          ]
        ]
      },
      "properties": {
        "SUB_DIST": "Baramati",
        "DISTRICT": "Pune",
        "STATE": "Maharashtra",
        "TYPE": "village",
        "NAME": "Songaon",
        "CEN_2001": "275210419903182000",
        "TARGET_NAME": "Songaon"
      }
    }
  ]
}